{
  "config": {
    "targets": [
      {
        "state": {
          "Name": "minecraft:lapis_ore"
        },
        "target": {
          "predicate_type": "minecraft:tag_match",
          "tag": "minecraft:stone_ore_replaceables"
        }
      },
	  {
        "target": {
          "tag": "minecraft:deepslate_ore_replaceables",
          "predicate_type": "minecraft:tag_match"
        },
        "state": {
          "Name": "minecraft:deepslate_lapis_ore"
        }
      }
    ],
    "size": 40,
    "discard_chance_on_air_exposure": 0.0
  },
  "type": "minecraft:ore"
}